1.40364e+09,-156.224,-83.4062,-9.88071
1.40364e+09,-155.72,-83.3329,-10.3702
1.40364e+09,-155.221,-83.2595,-10.8568
1.40364e+09,-154.712,-83.1866,-11.3543
1.40364e+09,-154.173,-83.113,-11.8826
1.40364e+09,-153.61,-83.0392,-12.4339
1.40364e+09,-153.046,-82.9651,-12.9843
1.40364e+09,-152.521,-82.8928,-13.4926
1.40364e+09,-152.05,-82.8227,-13.9454
1.40364e+09,-151.634,-82.7548,-14.3451
1.40364e+09,-151.235,-82.6877,-14.7301
1.40364e+09,-150.824,-82.6197,-15.1292
1.40364e+09,-150.39,-82.5495,-15.5494
1.40364e+09,-149.966,-82.4766,-15.9577
1.40364e+09,-149.576,-82.4015,-16.3282
1.40364e+09,-149.223,-82.3252,-16.6596
1.40364e+09,-148.886,-82.247,-16.9755
1.40364e+09,-148.539,-82.1668,-17.303
1.40364e+09,-148.163,-82.0845,-17.6623
1.40364e+09,-147.756,-82.0009,-18.0527
1.40364e+09,-147.313,-81.9157,-18.4804
1.40364e+09,-146.841,-81.8296,-18.9376
1.40364e+09,-146.34,-81.7425,-19.4242
1.40364e+09,-145.814,-81.6556,-19.9355
1.40364e+09,-145.262,-81.5688,-20.4722
1.40364e+09,-144.704,-81.48,-21.0125
1.40364e+09,-144.177,-81.3876,-21.5164
1.40364e+09,-143.718,-81.2942,-21.9483
1.40364e+09,-143.334,-81.2032,-22.3035
1.40364e+09,-143.01,-81.1164,-22.6029
1.40364e+09,-142.704,-81.0324,-22.8882
1.40364e+09,-142.385,-80.9491,-23.1897
1.40364e+09,-142.051,-80.8658,-23.5076
1.40364e+09,-141.729,-80.7845,-23.8108
1.40364e+09,-141.437,-80.7061,-24.0827
1.40364e+09,-141.178,-80.6323,-24.3227
1.40364e+09,-140.934,-80.5611,-24.5492
1.40364e+09,-140.692,-80.4901,-24.7772
1.40364e+09,-140.436,-80.4169,-25.0188
1.40364e+09,-140.165,-80.342,-25.2746
1.40364e+09,-139.886,-80.266,-25.5381
1.40364e+09,-139.598,-80.1878,-25.8105
1.40364e+09,-139.301,-80.1069,-26.0914
1.40364e+09,-138.998,-80.023,-26.3786
1.40364e+09,-138.691,-79.9361,-26.6677
1.40364e+09,-138.384,-79.8463,-26.9571
1.40364e+09,-138.082,-79.7547,-27.2415
1.40364e+09,-137.782,-79.663,-27.5227
1.40364e+09,-137.488,-79.572,-27.7996
1.40364e+09,-137.195,-79.4829,-28.0748
1.40364e+09,-136.914,-79.396,-28.3381
1.40364e+09,-136.638,-79.3104,-28.5972
1.40364e+09,-136.368,-79.225,-28.8508
1.40364e+09,-136.099,-79.1396,-29.1036
1.40364e+09,-135.836,-79.0544,-29.35
1.40364e+09,-135.591,-78.9689,-29.5783
1.40364e+09,-135.37,-78.8848,-29.783
1.40364e+09,-135.169,-78.8034,-29.9693
1.40364e+09,-134.976,-78.7225,-30.149
1.40364e+09,-134.769,-78.6399,-30.3443
1.40364e+09,-134.547,-78.5549,-30.5523
1.40364e+09,-134.315,-78.4686,-30.769
1.40364e+09,-134.085,-78.3836,-30.9806
1.40364e+09,-133.868,-78.2996,-31.1793
1.40364e+09,-133.66,-78.2153,-31.3681
1.40364e+09,-133.448,-78.13,-31.5623
1.40364e+09,-133.23,-78.0421,-31.7626
1.40364e+09,-133.009,-77.9511,-31.9657
1.40364e+09,-132.784,-77.8597,-32.1719
1.40364e+09,-132.559,-77.7682,-32.3768
1.40364e+09,-132.346,-77.6785,-32.5691
1.40364e+09,-132.146,-77.591,-32.7502
1.40364e+09,-131.955,-77.5053,-32.924
1.40364e+09,-131.761,-77.4179,-33.1015
1.40364e+09,-131.558,-77.3269,-33.2899
1.40364e+09,-131.34,-77.2304,-33.4914
1.40364e+09,-131.11,-77.1318,-33.7027
1.40364e+09,-130.878,-77.0336,-33.9148
1.40364e+09,-130.647,-76.9388,-34.1233
1.40364e+09,-130.423,-76.8485,-34.3249
1.40364e+09,-130.207,-76.762,-34.5195
1.40364e+09,-130.001,-76.6775,-34.7061
1.40364e+09,-129.799,-76.5939,-34.8904
1.40364e+09,-129.597,-76.5084,-35.0768
1.40364e+09,-129.39,-76.4193,-35.2679
1.40364e+09,-129.184,-76.3263,-35.4536
1.40364e+09,-128.993,-76.2323,-35.6224
1.40364e+09,-128.824,-76.1395,-35.7656
1.40364e+09,-128.677,-76.0493,-35.8852
1.40364e+09,-128.545,-75.9617,-35.9938
1.40364e+09,-128.41,-75.8752,-36.1079
1.40364e+09,-128.264,-75.7881,-36.2361
1.40364e+09,-128.102,-75.6995,-36.3814
1.40364e+09,-127.933,-75.6099,-36.5343
1.40364e+09,-127.758,-75.52,-36.6914
1.40364e+09,-127.59,-75.4303,-36.8413
1.40364e+09,-127.433,-75.3405,-36.9778
1.40364e+09,-127.289,-75.2505,-37.1011
1.40364e+09,-127.155,-75.1612,-37.2163
1.40364e+09,-127.026,-75.072,-37.329
1.40364e+09,-126.89,-74.9809,-37.4511
1.40364e+09,-126.744,-74.8869,-37.5848
1.40364e+09,-126.582,-74.7917,-37.733
1.40364e+09,-126.417,-74.6975,-37.8842
1.40364e+09,-126.251,-74.6059,-38.0345
1.40364e+09,-126.095,-74.5165,-38.1757
1.40364e+09,-125.946,-74.4276,-38.3095
1.40364e+09,-125.804,-74.3387,-38.4369
1.40364e+09,-125.662,-74.2484,-38.5649
1.40364e+09,-125.513,-74.1558,-38.7003
1.40364e+09,-125.35,-74.0607,-38.8506
1.40364e+09,-125.174,-73.9619,-39.0123
1.40364e+09,-124.989,-73.859,-39.1808
1.40364e+09,-124.802,-73.7541,-39.3484
1.40364e+09,-124.619,-73.6491,-39.51
1.40364e+09,-124.445,-73.5459,-39.6623
1.40364e+09,-124.28,-73.444,-39.807
1.40364e+09,-124.121,-73.3433,-39.9483
1.40364e+09,-123.961,-73.2421,-40.0919
1.40364e+09,-123.8,-73.1401,-40.2372
1.40364e+09,-123.636,-73.0377,-40.3844
1.40364e+09,-123.471,-72.9368,-40.5294
1.40364e+09,-123.312,-72.8379,-40.6654
1.40364e+09,-123.163,-72.7429,-40.7906
1.40364e+09,-123.024,-72.6497,-40.906
1.40364e+09,-122.894,-72.5577,-41.0141
1.40364e+09,-122.766,-72.4648,-41.121
1.40364e+09,-122.638,-72.3704,-41.2275
1.40364e+09,-122.509,-72.274,-41.3347
1.40364e+09,-122.381,-72.1776,-41.4398
1.40364e+09,-122.255,-72.0817,-41.541
1.40364e+09,-122.133,-71.9869,-41.6381
1.40364e+09,-122.015,-71.8928,-41.733
1.40364e+09,-121.897,-71.7984,-41.8291
1.40364e+09,-121.78,-71.7026,-41.9247
1.40364e+09,-121.663,-71.6065,-42.0228
1.40364e+09,-121.544,-71.5105,-42.1232
1.40364e+09,-121.423,-71.4149,-42.2261
1.40364e+09,-121.299,-71.3193,-42.332
1.40364e+09,-121.175,-71.2244,-42.4393
1.40364e+09,-121.054,-71.1305,-42.5424
1.40364e+09,-120.939,-71.0375,-42.6403
1.40364e+09,-120.829,-70.9449,-42.7327
1.40364e+09,-120.721,-70.8527,-42.8235
1.40364e+09,-120.613,-70.7599,-42.9151
1.40364e+09,-120.502,-70.666,-43.0094
1.40364e+09,-120.39,-70.5714,-43.1036
1.40364e+09,-120.277,-70.4758,-43.1996
1.40364e+09,-120.163,-70.3803,-43.2952
1.40364e+09,-120.049,-70.2841,-43.3908
1.40364e+09,-119.936,-70.1869,-43.4863
1.40364e+09,-119.819,-70.0875,-43.5856
1.40364e+09,-119.694,-69.9853,-43.6928
1.40364e+09,-119.558,-69.8807,-43.8109
1.40364e+09,-119.42,-69.7731,-43.928
1.40364e+09,-119.285,-69.6635,-44.0403
1.40364e+09,-119.16,-69.5543,-44.1413
1.40364e+09,-119.04,-69.4468,-44.2369
1.40364e+09,-118.921,-69.3413,-44.3322
1.40364e+09,-118.804,-69.2369,-44.4294
1.40364e+09,-118.684,-69.1328,-44.5303
1.40364e+09,-118.562,-69.0276,-44.6348
1.40364e+09,-118.439,-68.9223,-44.7399
1.40364e+09,-118.319,-68.8173,-44.8408
1.40364e+09,-118.206,-68.7137,-44.9342
1.40364e+09,-118.099,-68.6127,-45.0192
1.40364e+09,-118.003,-68.5148,-45.0942
1.40364e+09,-117.913,-68.4189,-45.163
1.40364e+09,-117.828,-68.325,-45.2284
1.40364e+09,-117.743,-68.2312,-45.2953
1.40364e+09,-117.655,-68.1367,-45.3656
1.40364e+09,-117.562,-68.0404,-45.4417
1.40364e+09,-117.462,-67.9421,-45.524
1.40364e+09,-117.359,-67.8414,-45.6099
1.40364e+09,-117.255,-67.7394,-45.6948
1.40364e+09,-117.155,-67.6358,-45.7756
1.40364e+09,-117.06,-67.5319,-45.8513
1.40364e+09,-116.967,-67.4273,-45.9265
1.40364e+09,-116.875,-67.3223,-46.001
1.40364e+09,-116.777,-67.2161,-46.0811
1.40364e+09,-116.673,-67.1095,-46.1662
1.40364e+09,-116.564,-67.0027,-46.2556
1.40364e+09,-116.453,-66.8962,-46.3462
1.40364e+09,-116.341,-66.7894,-46.4371
1.40364e+09,-116.232,-66.6818,-46.5244
1.40364e+09,-116.127,-66.5732,-46.6079
1.40364e+09,-116.026,-66.4646,-46.6866
1.40364e+09,-115.929,-66.3558,-46.762
1.40364e+09,-115.834,-66.2481,-46.8354
1.40364e+09,-115.74,-66.1414,-46.9069
1.40364e+09,-115.647,-66.0364,-46.9775
1.40364e+09,-115.554,-65.9325,-47.0478
1.40364e+09,-115.462,-65.8303,-47.1167
1.40364e+09,-115.369,-65.7296,-47.187
1.40364e+09,-115.278,-65.63,-47.2568
1.40364e+09,-115.188,-65.5297,-47.3262
1.40364e+09,-115.1,-65.4297,-47.3931
1.40364e+09,-115.017,-65.3314,-47.4565
1.40364e+09,-114.936,-65.2351,-47.517
1.40364e+09,-114.856,-65.139,-47.5783
1.40364e+09,-114.774,-65.0426,-47.6415
1.40364e+09,-114.692,-64.9441,-47.7049
1.40364e+09,-114.609,-64.8441,-47.7692
1.40364e+09,-114.525,-64.7422,-47.8331
1.40364e+09,-114.443,-64.6386,-47.894
1.40364e+09,-114.365,-64.5333,-47.9509
1.40364e+09,-114.29,-64.4265,-48.005
1.40364e+09,-114.215,-64.3175,-48.0594
1.40364e+09,-114.138,-64.2071,-48.1166
1.40364e+09,-114.056,-64.0954,-48.179
1.40364e+09,-113.97,-63.984,-48.246
1.40364e+09,-113.881,-63.8729,-48.3165
1.40364e+09,-113.789,-63.7638,-48.3889
1.40364e+09,-113.697,-63.6567,-48.4625
1.40364e+09,-113.607,-63.5515,-48.535
1.40364e+09,-113.517,-63.4468,-48.6069
1.40364e+09,-113.429,-63.3411,-48.6776
1.40364e+09,-113.341,-63.2335,-48.7473
1.40364e+09,-113.255,-63.1251,-48.8139
1.40364e+09,-113.17,-63.0162,-48.8769
1.40364e+09,-113.089,-62.9092,-48.9347
1.40364e+09,-113.013,-62.8036,-48.9885
1.40364e+09,-112.941,-62.7002,-49.0393
1.40364e+09,-112.87,-62.5982,-49.0904
1.40364e+09,-112.802,-62.4981,-49.1414
1.40364e+09,-112.735,-62.3977,-49.1936
1.40364e+09,-112.666,-62.2962,-49.2482
1.40364e+09,-112.594,-62.1918,-49.306
1.40364e+09,-112.518,-62.0849,-49.3657
1.40364e+09,-112.438,-61.975,-49.4269
1.40364e+09,-112.356,-61.8633,-49.4877
1.40364e+09,-112.273,-61.7477,-49.5489
1.40364e+09,-112.188,-61.6287,-49.61
1.40364e+09,-112.102,-61.5061,-49.6703
1.40364e+09,-112.017,-61.382,-49.7298
1.40364e+09,-111.93,-61.2572,-49.7907
1.40364e+09,-111.843,-61.1329,-49.8522
1.40364e+09,-111.756,-61.0099,-49.916
1.40364e+09,-111.667,-60.8891,-49.9815
1.40364e+09,-111.577,-60.7699,-50.0477
1.40364e+09,-111.489,-60.6539,-50.1119
1.40364e+09,-111.404,-60.5414,-50.1735
1.40364e+09,-111.323,-60.4323,-50.232
1.40364e+09,-111.246,-60.3257,-50.286
1.40364e+09,-111.175,-60.2212,-50.3351
1.40364e+09,-111.11,-60.1174,-50.3793
1.40364e+09,-111.048,-60.0144,-50.4204
1.40364e+09,-110.989,-59.9113,-50.4594
1.40364e+09,-110.93,-59.8071,-50.4979
1.40364e+09,-110.869,-59.6998,-50.5384
1.40364e+09,-110.803,-59.5896,-50.5832
1.40364e+09,-110.732,-59.4759,-50.632
1.40364e+09,-110.657,-59.3595,-50.6829
1.40364e+09,-110.58,-59.241,-50.7359
1.40364e+09,-110.502,-59.1223,-50.7905
1.40364e+09,-110.423,-59.0034,-50.8459
1.40364e+09,-110.344,-58.8846,-50.9027
1.40364e+09,-110.265,-58.7656,-50.9601
1.40364e+09,-110.187,-58.6475,-51.0157
1.40364e+09,-110.11,-58.5309,-51.0693
1.40364e+09,-110.037,-58.4168,-51.1192
1.40364e+09,-109.967,-58.3043,-51.1654
1.40364e+09,-109.901,-58.1924,-51.2083
1.40364e+09,-109.837,-58.0785,-51.2503
1.40364e+09,-109.774,-57.9614,-51.2916
1.40364e+09,-109.71,-57.8407,-51.3343
1.40364e+09,-109.642,-57.7168,-51.3796
1.40364e+09,-109.571,-57.5904,-51.4282
1.40364e+09,-109.496,-57.463,-51.479
1.40364e+09,-109.419,-57.3357,-51.5325
1.40364e+09,-109.341,-57.209,-51.5881
1.40364e+09,-109.261,-57.0823,-51.6466
1.40364e+09,-109.18,-56.9552,-51.7052
1.40364e+09,-109.099,-56.8274,-51.7631
1.40364e+09,-109.018,-56.7006,-51.8186
1.40364e+09,-108.94,-56.5751,-51.8705
1.40364e+09,-108.867,-56.4516,-51.9167
1.40364e+09,-108.797,-56.3294,-51.9591
1.40364e+09,-108.732,-56.2091,-51.9986
1.40364e+09,-108.671,-56.0903,-52.0348
1.40364e+09,-108.613,-55.9729,-52.0686
1.40364e+09,-108.557,-55.8565,-52.1015
1.40364e+09,-108.502,-55.742,-52.1337
1.40364e+09,-108.448,-55.6294,-52.1671
1.40364e+09,-108.393,-55.5176,-52.2019
1.40364e+09,-108.336,-55.4065,-52.2399
1.40364e+09,-108.276,-55.2962,-52.2798
1.40364e+09,-108.216,-55.1858,-52.321
1.40364e+09,-108.155,-55.0749,-52.3624
1.40364e+09,-108.094,-54.9614,-52.4039
1.40364e+09,-108.033,-54.8456,-52.4438
1.40364e+09,-107.973,-54.7277,-52.4826
1.40364e+09,-107.913,-54.6073,-52.519
1.40364e+09,-107.854,-54.4853,-52.5534
1.40364e+09,-107.795,-54.3627,-52.5863
1.40364e+09,-107.735,-54.2391,-52.6201
1.40364e+09,-107.675,-54.1144,-52.6547
1.40364e+09,-107.612,-53.9879,-52.6924
1.40364e+09,-107.548,-53.8599,-52.7331
1.40364e+09,-107.481,-53.7314,-52.7757
1.40364e+09,-107.414,-53.6026,-52.8186
1.40364e+09,-107.348,-53.4756,-52.8593
1.40364e+09,-107.285,-53.3508,-52.8976
1.40364e+09,-107.224,-53.229,-52.9344
1.40364e+09,-107.166,-53.1091,-52.9689
1.40364e+09,-107.11,-52.991,-53.0022
1.40364e+09,-107.055,-52.8735,-53.0343
1.40364e+09,-107.001,-52.7579,-53.0656
1.40364e+09,-106.949,-52.6436,-53.0955
1.40364e+09,-106.898,-52.5307,-53.1248
1.40364e+09,-106.848,-52.4192,-53.1533
1.40364e+09,-106.799,-52.3086,-53.1808
1.40364e+09,-106.75,-52.197,-53.2076
1.40364e+09,-106.701,-52.0836,-53.2348
1.40364e+09,-106.65,-51.9669,-53.2625
1.40364e+09,-106.598,-51.8484,-53.2905
1.40364e+09,-106.546,-51.7272,-53.3181
1.40364e+09,-106.494,-51.6035,-53.3456
1.40364e+09,-106.441,-51.4781,-53.3744
1.40364e+09,-106.388,-51.3512,-53.4048
1.40364e+09,-106.333,-51.2232,-53.4365
1.40364e+09,-106.278,-51.0951,-53.4681
1.40364e+09,-106.223,-50.9664,-53.4997
1.40364e+09,-106.166,-50.8373,-53.5329
1.40364e+09,-106.107,-50.7076,-53.5674
1.40364e+09,-106.046,-50.5776,-53.6035
1.40364e+09,-105.984,-50.4465,-53.6396
1.40364e+09,-105.922,-50.3148,-53.6759
1.40364e+09,-105.861,-50.1824,-53.7113
1.40364e+09,-105.8,-50.0489,-53.7454
1.40364e+09,-105.74,-49.9132,-53.7785
1.40364e+09,-105.682,-49.7755,-53.811
1.40364e+09,-105.622,-49.6356,-53.8441
1.40364e+09,-105.562,-49.4941,-53.8777
1.40364e+09,-105.5,-49.3522,-53.9127
1.40364e+09,-105.439,-49.2125,-53.9472
1.40364e+09,-105.379,-49.0752,-53.9803
1.40364e+09,-105.321,-48.9417,-54.0119
1.40364e+09,-105.265,-48.8106,-54.0416
1.40364e+09,-105.211,-48.6811,-54.0694
1.40364e+09,-105.157,-48.5523,-54.0962
1.40364e+09,-105.104,-48.4247,-54.1208
1.40364e+09,-105.053,-48.297,-54.1438
1.40364e+09,-105.001,-48.1692,-54.1662
1.40364e+09,-104.949,-48.0388,-54.19
1.40364e+09,-104.895,-47.9057,-54.2158
1.40364e+09,-104.84,-47.7687,-54.2448
1.40364e+09,-104.783,-47.6287,-54.2764
1.40364e+09,-104.724,-47.487,-54.3099
1.40364e+09,-104.667,-47.3464,-54.3435
1.40364e+09,-104.609,-47.2076,-54.3767
1.40364e+09,-104.553,-47.0723,-54.4083
1.40364e+09,-104.5,-46.9408,-54.4375
1.40364e+09,-104.448,-46.8133,-54.4643
1.40364e+09,-104.399,-46.6889,-54.4895
1.40364e+09,-104.351,-46.5665,-54.5134
1.40364e+09,-104.303,-46.4444,-54.5363
1.40364e+09,-104.257,-46.322,-54.5569
1.40364e+09,-104.211,-46.1981,-54.5761
1.40364e+09,-104.165,-46.0725,-54.594
1.40364e+09,-104.119,-45.9442,-54.6121
1.40364e+09,-104.071,-45.8124,-54.6308
1.40364e+09,-104.021,-45.6772,-54.6504
1.40364e+09,-103.97,-45.5402,-54.6697
1.40364e+09,-103.919,-45.4024,-54.6901
1.40364e+09,-103.868,-45.264,-54.7113
1.40364e+09,-103.818,-45.1252,-54.7341
1.40364e+09,-103.766,-44.9862,-54.7592
1.40364e+09,-103.715,-44.847,-54.7855
1.40364e+09,-103.664,-44.708,-54.8105
1.40364e+09,-103.613,-44.5706,-54.8349
1.40364e+09,-103.565,-44.4347,-54.8579
1.40364e+09,-103.517,-44.299,-54.8815
1.40364e+09,-103.47,-44.1622,-54.906
1.40364e+09,-103.422,-44.0235,-54.9324
1.40364e+09,-103.373,-43.8829,-54.9603
1.40364e+09,-103.323,-43.7409,-54.9891
1.40364e+09,-103.271,-43.5997,-55.0178
1.40364e+09,-103.22,-43.4604,-55.0458
1.40364e+09,-103.17,-43.3232,-55.072
1.40364e+09,-103.122,-43.1889,-55.0958
1.40364e+09,-103.077,-43.0579,-55.1176
1.40364e+09,-103.034,-42.9297,-55.136
1.40364e+09,-102.994,-42.8026,-55.152
1.40364e+09,-102.955,-42.6759,-55.1679
1.40364e+09,-102.914,-42.5472,-55.1849
1.40364e+09,-102.872,-42.4154,-55.2041
1.40364e+09,-102.827,-42.279,-55.2242
1.40364e+09,-102.78,-42.138,-55.2453
1.40364e+09,-102.732,-41.9914,-55.2658
1.40364e+09,-102.683,-41.8403,-55.2861
1.40364e+09,-102.634,-41.6847,-55.306
1.40364e+09,-102.584,-41.5244,-55.3261
1.40364e+09,-102.535,-41.3598,-55.3464
1.40364e+09,-102.485,-41.1927,-55.3665
1.40364e+09,-102.437,-41.026,-55.3845
1.40364e+09,-102.39,-40.8622,-55.4005
1.40364e+09,-102.346,-40.7033,-55.4135
1.40364e+09,-102.306,-40.5498,-55.4237
1.40364e+09,-102.268,-40.4005,-55.4328
1.40364e+09,-102.232,-40.255,-55.4422
1.40364e+09,-102.196,-40.1103,-55.4516
1.40364e+09,-102.159,-39.9658,-55.461
1.40364e+09,-102.12,-39.8216,-55.4702
1.40364e+09,-102.082,-39.679,-55.4794
1.40364e+09,-102.042,-39.5375,-55.4884
1.40364e+09,-102.002,-39.3974,-55.4979
1.40364e+09,-101.963,-39.2578,-55.5072
1.40364e+09,-101.924,-39.1178,-55.5152
1.40364e+09,-101.886,-38.9764,-55.5201
1.40364e+09,-101.848,-38.8343,-55.5213
1.40364e+09,-101.809,-38.6929,-55.5204
1.40364e+09,-101.769,-38.5548,-55.5183
1.40364e+09,-101.727,-38.4209,-55.5171
1.40364e+09,-101.682,-38.2918,-55.5185
1.40364e+09,-101.635,-38.1645,-55.5255
1.40364e+09,-101.583,-38.0355,-55.5385
1.40364e+09,-101.527,-37.9004,-55.5574
1.40364e+09,-101.464,-37.7571,-55.5811
1.40364e+09,-101.395,-37.6067,-55.6066
1.40364e+09,-101.322,-37.452,-55.6317
1.40364e+09,-101.247,-37.2948,-55.6564
1.40364e+09,-101.171,-37.1362,-55.6817
1.40364e+09,-101.094,-36.9768,-55.7077
1.40364e+09,-101.018,-36.8172,-55.7357
1.40364e+09,-100.943,-36.6579,-55.7644
1.40364e+09,-100.871,-36.5004,-55.7933
1.40364e+09,-100.804,-36.3448,-55.8215
1.40364e+09,-100.743,-36.1926,-55.8461
1.40364e+09,-100.688,-36.0445,-55.8674
1.40364e+09,-100.639,-35.9004,-55.8862
1.40364e+09,-100.595,-35.7607,-55.9034
1.40364e+09,-100.555,-35.6253,-55.9197
1.40364e+09,-100.519,-35.4934,-55.9361
1.40364e+09,-100.486,-35.3659,-55.9527
1.40364e+09,-100.455,-35.2424,-55.9708
1.40364e+09,-100.427,-35.1234,-55.9879
1.40364e+09,-100.402,-35.0072,-56.0043
1.40364e+09,-100.383,-34.8934,-56.0182
1.40364e+09,-100.367,-34.7807,-56.0295
1.40364e+09,-100.355,-34.6693,-56.0377
1.40364e+09,-100.346,-34.5583,-56.0441
1.40364e+09,-100.338,-34.446,-56.0479
1.40364e+09,-100.331,-34.3314,-56.0499
1.40364e+09,-100.322,-34.214,-56.0499
1.40364e+09,-100.313,-34.0947,-56.0464
1.40364e+09,-100.303,-33.9752,-56.039
1.40364e+09,-100.295,-33.8567,-56.0268
1.40364e+09,-100.29,-33.7405,-56.0106
1.40364e+09,-100.286,-33.6263,-55.9924
1.40364e+09,-100.282,-33.5133,-55.9737
1.40364e+09,-100.278,-33.4,-55.9566
1.40364e+09,-100.271,-33.2848,-55.9421
1.40364e+09,-100.262,-33.1668,-55.9304
1.40364e+09,-100.249,-33.0444,-55.9206
1.40364e+09,-100.233,-32.9175,-55.9122
1.40364e+09,-100.214,-32.7869,-55.905
1.40364e+09,-100.193,-32.654,-55.8975
1.40364e+09,-100.172,-32.5185,-55.889
1.40364e+09,-100.15,-32.3821,-55.88
1.40364e+09,-100.129,-32.2449,-55.8706
1.40364e+09,-100.109,-32.1076,-55.8607
1.40364e+09,-100.092,-31.9705,-55.8494
1.40364e+09,-100.077,-31.8352,-55.8372
1.40364e+09,-100.064,-31.7011,-55.8231
1.40364e+09,-100.055,-31.569,-55.8078
1.40364e+09,-100.049,-31.4379,-55.7913
1.40364e+09,-100.048,-31.3073,-55.7735
1.40364e+09,-100.05,-31.1757,-55.7546
1.40364e+09,-100.055,-31.0428,-55.7353
1.40364e+09,-100.063,-30.9073,-55.7168
1.40364e+09,-100.073,-30.7681,-55.6993
1.40364e+09,-100.085,-30.6244,-55.6826
1.40364e+09,-100.098,-30.4757,-55.6678
1.40364e+09,-100.111,-30.3218,-55.6544
1.40364e+09,-100.125,-30.1657,-55.6395
1.40364e+09,-100.14,-30.0083,-55.6222
1.40364e+09,-100.156,-29.8506,-55.6018
1.40364e+09,-100.172,-29.6923,-55.58
1.40364e+09,-100.189,-29.5338,-55.5569
1.40364e+09,-100.206,-29.3732,-55.5313
1.40364e+09,-100.222,-29.2106,-55.5045
1.40364e+09,-100.235,-29.0458,-55.4769
1.40364e+09,-100.246,-28.8801,-55.4498
1.40364e+09,-100.253,-28.7119,-55.4235
1.40364e+09,-100.255,-28.54,-55.3976
1.40364e+09,-100.249,-28.3627,-55.3717
1.40364e+09,-100.237,-28.1811,-55.343
1.40364e+09,-100.22,-27.9982,-55.3104
1.40364e+09,-100.199,-27.815,-55.2739
1.40364e+09,-100.175,-27.6308,-55.2333
1.40364e+09,-100.15,-27.448,-55.1888
1.40364e+09,-100.122,-27.2674,-55.1416
1.40364e+09,-100.094,-27.0901,-55.0926
1.40364e+09,-100.066,-26.9181,-55.0436
1.40364e+09,-100.043,-26.7534,-54.9942
1.40364e+09,-100.028,-26.5956,-54.9458
1.40364e+09,-100.023,-26.4427,-54.8981
1.40364e+09,-100.026,-26.2913,-54.8516
1.40364e+09,-100.035,-26.1373,-54.8077
1.40364e+09,-100.046,-25.9788,-54.7669
1.40364e+09,-100.055,-25.8164,-54.7299
1.40364e+09,-100.06,-25.6498,-54.6954
1.40364e+09,-100.063,-25.4783,-54.6584
1.40364e+09,-100.066,-25.3013,-54.6163
1.40364e+09,-100.067,-25.1189,-54.5677
1.40364e+09,-100.069,-24.9318,-54.5133
1.40364e+09,-100.07,-24.7408,-54.4551
1.40364e+09,-100.071,-24.5474,-54.3959
1.40364e+09,-100.07,-24.3533,-54.3373
1.40364e+09,-100.068,-24.1606,-54.281
1.40364e+09,-100.065,-23.9696,-54.2268
1.40364e+09,-100.062,-23.7805,-54.1753
1.40364e+09,-100.06,-23.5943,-54.1247
1.40364e+09,-100.059,-23.4123,-54.0741
1.40364e+09,-100.06,-23.2348,-54.0231
1.40364e+09,-100.063,-23.0612,-53.9716
1.40364e+09,-100.066,-22.8902,-53.9209
1.40364e+09,-100.07,-22.7204,-53.872
1.40364e+09,-100.072,-22.5494,-53.8253
1.40364e+09,-100.073,-22.3772,-53.7813
1.40364e+09,-100.072,-22.2037,-53.7389
1.40364e+09,-100.069,-22.0288,-53.6979
1.40364e+09,-100.065,-21.8525,-53.6576
1.40364e+09,-100.058,-21.6761,-53.6184
1.40364e+09,-100.05,-21.499,-53.5798
1.40364e+09,-100.041,-21.3226,-53.5424
1.40364e+09,-100.031,-21.1474,-53.506
1.40364e+09,-100.022,-20.9752,-53.4712
1.40364e+09,-100.012,-20.8063,-53.4384
1.40364e+09,-100.003,-20.6422,-53.4066
1.40364e+09,-99.9933,-20.4825,-53.3765
1.40364e+09,-99.984,-20.327,-53.3479
1.40364e+09,-99.9748,-20.1755,-53.3209
1.40364e+09,-99.9654,-20.0277,-53.2955
1.40364e+09,-99.9557,-19.8821,-53.2706
1.40364e+09,-99.9451,-19.7376,-53.2467
1.40364e+09,-99.9332,-19.5917,-53.2244
1.40364e+09,-99.9197,-19.444,-53.204
1.40364e+09,-99.904,-19.293,-53.1856
1.40364e+09,-99.8855,-19.1384,-53.1699
1.40364e+09,-99.864,-18.9797,-53.1563
1.40364e+09,-99.8411,-18.8191,-53.1444
1.40364e+09,-99.8177,-18.6562,-53.134
1.40364e+09,-99.794,-18.4918,-53.124
1.40364e+09,-99.7699,-18.326,-53.1142
1.40364e+09,-99.7452,-18.1603,-53.1053
1.40364e+09,-99.7199,-17.9946,-53.0977
1.40364e+09,-99.6944,-17.83,-53.0917
1.40364e+09,-99.669,-17.665,-53.0876
1.40364e+09,-99.6442,-17.4993,-53.0854
1.40364e+09,-99.6202,-17.3321,-53.0853
1.40364e+09,-99.5976,-17.1645,-53.0874
1.40364e+09,-99.5768,-16.9959,-53.0928
1.40364e+09,-99.5586,-16.8264,-53.1003
1.40364e+09,-99.5434,-16.6561,-53.109
1.40364e+09,-99.5321,-16.4862,-53.1185
1.40364e+09,-99.5253,-16.3172,-53.128
1.40364e+09,-99.5239,-16.1501,-53.1366
1.40364e+09,-99.5277,-15.9848,-53.1436
1.40364e+09,-99.5362,-15.8198,-53.1483
1.40364e+09,-99.5479,-15.6534,-53.1505
1.40364e+09,-99.5614,-15.4838,-53.1497
1.40364e+09,-99.5757,-15.3101,-53.1471
1.40364e+09,-99.5896,-15.1324,-53.1424
1.40364e+09,-99.6035,-14.9512,-53.1357
1.40364e+09,-99.6171,-14.7681,-53.1265
1.40364e+09,-99.6311,-14.5837,-53.1144
1.40364e+09,-99.6463,-14.3997,-53.0986
1.40364e+09,-99.6631,-14.2166,-53.0797
1.40364e+09,-99.6814,-14.0339,-53.0577
1.40364e+09,-99.7012,-13.8516,-53.0336
1.40364e+09,-99.7214,-13.6685,-53.0087
1.40364e+09,-99.741,-13.4833,-52.9836
1.40364e+09,-99.7587,-13.2943,-52.9592
1.40364e+09,-99.7728,-13.0996,-52.9352
1.40364e+09,-99.7826,-12.8994,-52.9115
1.40364e+09,-99.7874,-12.6953,-52.8884
1.40364e+09,-99.7873,-12.4889,-52.8649
1.40364e+09,-99.7839,-12.282,-52.8413
1.40364e+09,-99.7786,-12.0755,-52.8167
1.40364e+09,-99.7727,-11.871,-52.7913
1.40364e+09,-99.7665,-11.669,-52.7645
1.40364e+09,-99.7602,-11.4696,-52.7376
1.40364e+09,-99.753,-11.2713,-52.711
1.40364e+09,-99.7444,-11.0745,-52.6855
1.40364e+09,-99.7339,-10.8793,-52.6616
1.40364e+09,-99.7218,-10.6859,-52.639
1.40364e+09,-99.7083,-10.4941,-52.6174
1.40364e+09,-99.6942,-10.3045,-52.5966
1.40364e+09,-99.6805,-10.1176,-52.5759
1.40364e+09,-99.6678,-9.93422,-52.555
1.40364e+09,-99.6565,-9.75429,-52.5339
1.40364e+09,-99.6471,-9.57796,-52.5133
1.40364e+09,-99.6395,-9.40453,-52.4936
1.40364e+09,-99.6334,-9.2339,-52.4755
1.40364e+09,-99.6286,-9.06572,-52.4598
1.40364e+09,-99.6246,-8.8997,-52.4474
1.40364e+09,-99.6212,-8.73476,-52.4382
1.40364e+09,-99.6173,-8.56999,-52.4324
1.40364e+09,-99.6111,-8.40345,-52.4297
1.40364e+09,-99.6009,-8.23479,-52.4303
1.40364e+09,-99.5855,-8.0635,-52.4346
1.40364e+09,-99.5649,-7.89139,-52.4409
1.40364e+09,-99.5403,-7.72004,-52.4488
1.40364e+09,-99.514,-7.55279,-52.457
1.40364e+09,-99.4875,-7.39005,-52.4644
1.40364e+09,-99.4619,-7.23282,-52.4704
1.40364e+09,-99.4381,-7.08111,-52.4742
1.40364e+09,-99.4169,-6.93437,-52.4767
1.40364e+09,-99.3987,-6.79157,-52.4786
1.40364e+09,-99.3842,-6.65272,-52.4805
1.40364e+09,-99.3739,-6.51715,-52.4818
1.40364e+09,-99.3675,-6.38454,-52.4826
1.40364e+09,-99.3644,-6.25395,-52.4833
1.40364e+09,-99.3641,-6.1244,-52.4839
1.40364e+09,-99.3653,-5.99427,-52.4848
1.40364e+09,-99.3669,-5.86202,-52.4862
1.40364e+09,-99.3681,-5.72629,-52.4885
1.40364e+09,-99.369,-5.58877,-52.4922
1.40364e+09,-99.3705,-5.45099,-52.4973
1.40364e+09,-99.373,-5.31572,-52.5037
1.40364e+09,-99.3778,-5.18527,-52.5113
1.40364e+09,-99.3854,-5.06097,-52.5197
1.40364e+09,-99.3965,-4.94247,-52.5289
1.40364e+09,-99.4111,-4.82778,-52.5395
1.40364e+09,-99.4278,-4.71445,-52.5529
1.40364e+09,-99.4459,-4.60128,-52.569
1.40364e+09,-99.4644,-4.48786,-52.5876
1.40364e+09,-99.4828,-4.37443,-52.6078
1.40364e+09,-99.5,-4.26109,-52.6295
1.40364e+09,-99.5162,-4.14685,-52.6522
1.40364e+09,-99.5311,-4.0309,-52.6763
1.40364e+09,-99.5459,-3.91295,-52.7023
1.40364e+09,-99.5607,-3.7932,-52.7309
1.40364e+09,-99.5755,-3.67175,-52.7622
1.40364e+09,-99.5907,-3.54973,-52.7974
1.40364e+09,-99.6061,-3.42724,-52.8373
1.40364e+09,-99.6213,-3.3058,-52.8822
1.40364e+09,-99.6367,-3.18654,-52.9313
1.40364e+09,-99.6521,-3.07025,-52.9832
1.40364e+09,-99.6684,-2.95679,-53.0375
1.40364e+09,-99.6852,-2.84527,-53.094
1.40364e+09,-99.7013,-2.73303,-53.1517
1.40364e+09,-99.7153,-2.61881,-53.2119
1.40364e+09,-99.7263,-2.50185,-53.2749
1.40364e+09,-99.7334,-2.38234,-53.3415
1.40364e+09,-99.7363,-2.26044,-53.4129
1.40364e+09,-99.7338,-2.13653,-53.4885
1.40364e+09,-99.7252,-2.00923,-53.5684
1.40364e+09,-99.7113,-1.87962,-53.6521
1.40364e+09,-99.6921,-1.74802,-53.7377
1.40364e+09,-99.6684,-1.61553,-53.8252
1.40364e+09,-99.6422,-1.48155,-53.9149
1.40364e+09,-99.6146,-1.34686,-54.007
1.40364e+09,-99.5857,-1.21096,-54.1018
1.40364e+09,-99.5558,-1.07466,-54.1991
1.40364e+09,-99.5248,-0.938084,-54.2989
1.40364e+09,-99.4932,-0.801823,-54.3999
1.40364e+09,-99.4609,-0.665359,-54.5012
1.40364e+09,-99.4279,-0.529702,-54.6014
1.40364e+09,-99.3944,-0.394891,-54.7009
1.40364e+09,-99.3607,-0.262244,-54.7995
1.40364e+09,-99.3268,-0.130767,-54.8977
1.40364e+09,-99.2927,-8.52937e-05,-54.9972
1.40364e+09,-99.2576,0.131536,-55.0986
1.40364e+09,-99.2215,0.264153,-55.202
1.40364e+09,-99.1846,0.39814,-55.3084
1.40364e+09,-99.1478,0.532952,-55.4172
1.40364e+09,-99.1116,0.667262,-55.5282
1.40364e+09,-99.0765,0.800551,-55.6404
1.40364e+09,-99.0438,0.934066,-55.7542
1.40364e+09,-99.0139,1.06717,-55.8682
1.40364e+09,-98.987,1.20051,-55.9817
1.40364e+09,-98.9629,1.3355,-56.0937
1.40364e+09,-98.9415,1.47315,-56.2052
1.40364e+09,-98.9227,1.61401,-56.3149
1.40364e+09,-98.9059,1.75833,-56.4224
1.40364e+09,-98.8912,1.90607,-56.5274
1.40364e+09,-98.8779,2.05735,-56.629
1.40364e+09,-98.8664,2.21305,-56.7276
1.40364e+09,-98.8564,2.37384,-56.8237
1.40364e+09,-98.8469,2.53875,-56.9165
1.40364e+09,-98.8383,2.7069,-57.0074
1.40364e+09,-98.83,2.87897,-57.0966
1.40364e+09,-98.8209,3.05555,-57.1858
1.40364e+09,-98.8105,3.23747,-57.275
1.40364e+09,-98.7985,3.42386,-57.3648
1.40364e+09,-98.7848,3.61477,-57.4549
1.40364e+09,-98.7697,3.80716,-57.5438
1.40364e+09,-98.7535,4.00116,-57.6312
1.40364e+09,-98.736,4.1958,-57.7159
1.40364e+09,-98.7169,4.39253,-57.7975
1.40364e+09,-98.6971,4.58988,-57.8769
1.40364e+09,-98.6769,4.7886,-57.9529
1.40364e+09,-98.6578,4.98526,-58.0247
1.40364e+09,-98.6403,5.17832,-58.0905
1.40364e+09,-98.6249,5.36755,-58.15
1.40364e+09,-98.6118,5.55414,-58.204
1.40364e+09,-98.6005,5.73884,-58.2525
1.40364e+09,-98.5893,5.92339,-58.2953
1.40364e+09,-98.5777,6.10702,-58.3321
1.40364e+09,-98.5655,6.29114,-58.364
1.40364e+09,-98.5519,6.47548,-58.3906
1.40364e+09,-98.5366,6.66098,-58.4136
1.40364e+09,-98.5194,6.84681,-58.4328
1.40364e+09,-98.4994,7.03254,-58.4483
1.40364e+09,-98.4768,7.21639,-58.4592
1.40364e+09,-98.4525,7.39737,-58.4661
1.40364e+09,-98.4274,7.57297,-58.4684
1.40364e+09,-98.4031,7.74173,-58.4662
1.40364e+09,-98.3808,7.90193,-58.4588
1.40364e+09,-98.3617,8.05301,-58.4463
1.40364e+09,-98.3456,8.19678,-58.4286
1.40364e+09,-98.3318,8.33605,-58.4059
1.40364e+09,-98.3203,8.47217,-58.3782
1.40364e+09,-98.3099,8.60624,-58.3457
1.40364e+09,-98.2993,8.73973,-58.3083
1.40364e+09,-98.2876,8.87452,-58.267
1.40364e+09,-98.2745,9.01091,-58.2221
1.40364e+09,-98.2594,9.14869,-58.1742
1.40364e+09,-98.2404,9.28833,-58.1229
1.40364e+09,-98.2174,9.43001,-58.0686
1.40364e+09,-98.1905,9.57385,-58.0115
1.40364e+09,-98.1598,9.71941,-57.9517
1.40364e+09,-98.1253,9.86678,-57.889
1.40364e+09,-98.0878,10.0145,-57.8243
1.40364e+09,-98.0473,10.1625,-57.7561
1.40364e+09,-98.0048,10.3092,-57.6853
1.40364e+09,-97.961,10.4556,-57.6116
1.40364e+09,-97.9165,10.6014,-57.5351
1.40364e+09,-97.8711,10.7473,-57.4557
1.40364e+09,-97.8246,10.8919,-57.3732
1.40364e+09,-97.7771,11.035,-57.2877
1.40364e+09,-97.7287,11.1754,-57.1981
1.40364e+09,-97.6793,11.3138,-57.1051
1.40364e+09,-97.6285,11.4511,-57.0088
1.40364e+09,-97.5747,11.5899,-56.9086
1.40364e+09,-97.5167,11.7308,-56.8043
1.40364e+09,-97.4535,11.8762,-56.6965
1.40364e+09,-97.3838,12.0275,-56.5856
1.40364e+09,-97.306,12.1866,-56.4715
1.40364e+09,-97.2196,12.3524,-56.353
1.40364e+09,-97.125,12.5246,-56.2296
1.40364e+09,-97.0241,12.7015,-56.1014
1.40364e+09,-96.9169,12.8821,-55.9678
1.40364e+09,-96.8046,13.0631,-55.828
1.40364e+09,-96.6887,13.2429,-55.6827
1.40364e+09,-96.5701,13.4196,-55.5314
1.40364e+09,-96.4504,13.5924,-55.3745
1.40364e+09,-96.3292,13.7623,-55.2115
1.40364e+09,-96.2061,13.9298,-55.043
1.40364e+09,-96.0806,14.0976,-54.8706
1.40364e+09,-95.9525,14.2677,-54.6948
1.40364e+09,-95.8211,14.4423,-54.5164
1.40364e+09,-95.6863,14.6234,-54.3358
1.40364e+09,-95.5474,14.8132,-54.1536
1.40364e+09,-95.4036,15.0108,-53.9692
1.40364e+09,-95.2552,15.2151,-53.7829
1.40364e+09,-95.1027,15.4244,-53.5943
1.40364e+09,-94.9474,15.6362,-53.4021
1.40364e+09,-94.7907,15.8477,-53.205
1.40364e+09,-94.6335,16.0577,-53.0017
1.40364e+09,-94.4777,16.2652,-52.7928
1.40364e+09,-94.3242,16.4707,-52.5798
1.40364e+09,-94.173,16.6733,-52.3639
1.40364e+09,-94.0235,16.8732,-52.1457
1.40364e+09,-93.8748,17.0709,-51.927
1.40364e+09,-93.7254,17.2681,-51.7083
1.40364e+09,-93.574,17.4653,-51.4894
1.40364e+09,-93.4184,17.6646,-51.2701
1.40364e+09,-93.2571,17.8679,-51.0499
1.40364e+09,-93.0895,18.0769,-50.8287
1.40364e+09,-92.9153,18.2911,-50.606
1.40364e+09,-92.7354,18.5107,-50.3823
1.40364e+09,-92.5517,18.735,-50.1578
1.40364e+09,-92.366,18.9634,-49.9335
1.40364e+09,-92.1817,19.1961,-49.7095
1.40364e+09,-92.0009,19.432,-49.4867
1.40364e+09,-91.8251,19.6704,-49.2651
1.40364e+09,-91.655,19.9094,-49.0461
1.40364e+09,-91.4905,20.147,-48.8303
1.40364e+09,-91.3306,20.3816,-48.6186
1.40364e+09,-91.1742,20.6129,-48.4104
1.40364e+09,-91.0198,20.841,-48.206
1.40364e+09,-90.8655,21.0672,-48.0053
1.40364e+09,-90.7096,21.2921,-47.8077
1.40364e+09,-90.5502,21.5172,-47.612
1.40364e+09,-90.3865,21.7432,-47.4176
1.40364e+09,-90.2176,21.9716,-47.2251
1.40364e+09,-90.0433,22.2027,-47.035
1.40364e+09,-89.8644,22.4378,-46.8476
1.40364e+09,-89.6826,22.6758,-46.6642
1.40364e+09,-89.4993,22.9156,-46.4844
1.40364e+09,-89.3163,23.155,-46.3081
1.40364e+09,-89.1353,23.3933,-46.1351
1.40364e+09,-88.9583,23.6285,-45.9666
1.40364e+09,-88.7861,23.8593,-45.802
1.40364e+09,-88.6202,24.0852,-45.6411
1.40364e+09,-88.4607,24.3064,-45.484
1.40364e+09,-88.3063,24.5239,-45.3305
1.40364e+09,-88.1562,24.7388,-45.1806
1.40364e+09,-88.0079,24.952,-45.033
1.40364e+09,-87.8591,25.1651,-44.8869
1.40364e+09,-87.7081,25.3798,-44.7412
1.40364e+09,-87.5539,25.597,-44.5948
1.40364e+09,-87.3959,25.8168,-44.4469
1.40364e+09,-87.235,26.0386,-44.2981
1.40364e+09,-87.0715,26.2617,-44.1483
1.40364e+09,-86.9065,26.4845,-43.9989
1.40364e+09,-86.7406,26.7052,-43.8492
1.40364e+09,-86.5756,26.9223,-43.6999
1.40364e+09,-86.4115,27.1347,-43.55
1.40364e+09,-86.2488,27.3413,-43.3991
1.40364e+09,-86.0881,27.5422,-43.2468
1.40364e+09,-85.9295,27.7369,-43.0942
1.40364e+09,-85.7724,27.9252,-42.9406
1.40364e+09,-85.6164,28.1078,-42.7864
1.40364e+09,-85.4603,28.286,-42.6307
1.40364e+09,-85.3034,28.4606,-42.4729
1.40364e+09,-85.1448,28.6331,-42.3123
1.40364e+09,-84.9832,28.8044,-42.1477
1.40364e+09,-84.8185,28.9758,-41.9789
1.40364e+09,-84.6509,29.1472,-41.8068
1.40364e+09,-84.4807,29.3197,-41.6318
1.40364e+09,-84.3083,29.4926,-41.4545
1.40364e+09,-84.1335,29.666,-41.2747
1.40364e+09,-83.9571,29.8389,-41.0923
1.40364e+09,-83.7801,30.0111,-40.9072
1.40364e+09,-83.6033,30.1808,-40.719
1.40364e+09,-83.4264,30.3477,-40.5279
1.40364e+09,-83.2486,30.5116,-40.3327
1.40364e+09,-83.0693,30.6725,-40.1337
1.40364e+09,-82.888,30.8297,-39.9298
1.40364e+09,-82.7042,30.9829,-39.7211
1.40364e+09,-82.517,31.1325,-39.5059
1.40364e+09,-82.3264,31.2794,-39.284
1.40364e+09,-82.1311,31.4247,-39.0547
1.40364e+09,-81.9312,31.5697,-38.8186
1.40364e+09,-81.726,31.7152,-38.5752
1.40364e+09,-81.516,31.8608,-38.3257
1.40364e+09,-81.3023,32.0068,-38.0709
1.40364e+09,-81.0871,32.1518,-37.8124
1.40364e+09,-80.8709,32.2953,-37.5505
1.40364e+09,-80.655,32.4372,-37.2861
1.40364e+09,-80.4397,32.5783,-37.0195
1.40364e+09,-80.2248,32.718,-36.751
1.40364e+09,-80.0092,32.857,-36.48
1.40364e+09,-79.7932,32.9954,-36.2073
1.40364e+09,-79.5756,33.1351,-35.9324
1.40364e+09,-79.3559,33.2768,-35.6559
1.40364e+09,-79.134,33.4218,-35.3782
1.40364e+09,-78.9099,33.5695,-35.0996
1.40364e+09,-78.6843,33.7204,-34.8205
1.40364e+09,-78.457,33.8735,-34.5419
1.40364e+09,-78.2296,34.0281,-34.2646
1.40364e+09,-78.003,34.1825,-33.9895
1.40364e+09,-77.7786,34.3369,-33.7186
1.40364e+09,-77.5576,34.4907,-33.4532
1.40364e+09,-77.3397,34.6445,-33.1934
1.40364e+09,-77.1247,34.7992,-32.9392
1.40364e+09,-76.9127,34.9545,-32.6907
1.40364e+09,-76.7048,35.1105,-32.4483
1.40364e+09,-76.5007,35.2674,-32.2118
1.40364e+09,-76.3003,35.425,-31.9812
1.40364e+09,-76.1038,35.5832,-31.757
1.40364e+09,-75.9108,35.7427,-31.5392
1.40364e+09,-75.7209,35.9044,-31.3275
1.40364e+09,-75.5344,36.0686,-31.1228
1.40364e+09,-75.3513,36.2346,-30.9253
1.40364e+09,-75.171,36.4012,-30.735
1.40364e+09,-74.9947,36.5669,-30.5529
1.40364e+09,-74.8232,36.731,-30.3782
1.40364e+09,-74.6576,36.8918,-30.2117
1.40364e+09,-74.498,37.0499,-30.0527
1.40364e+09,-74.3445,37.2054,-29.9017
1.40364e+09,-74.197,37.3594,-29.7584
1.40364e+09,-74.0553,37.5129,-29.6236
1.40364e+09,-73.9189,37.6667,-29.4975
1.40364e+09,-73.7861,37.8209,-29.3788
1.40364e+09,-73.6562,37.9769,-29.2657
1.40364e+09,-73.5284,38.1341,-29.1579
1.40364e+09,-73.4027,38.292,-29.055
1.40364e+09,-73.28,38.4496,-28.9571
1.40364e+09,-73.1611,38.6068,-28.8646
1.40364e+09,-73.046,38.7625,-28.7768
1.40364e+09,-72.9355,38.9166,-28.6939
1.40364e+09,-72.83,39.069,-28.6157
1.40364e+09,-72.7295,39.2195,-28.5415
1.40364e+09,-72.6334,39.3679,-28.4704
1.40364e+09,-72.5418,39.5152,-28.4026
1.40364e+09,-72.4551,39.6619,-28.3387
1.40364e+09,-72.3727,39.808,-28.2794
1.40364e+09,-72.2937,39.9551,-28.2239
1.40364e+09,-72.2168,40.1038,-28.1718
1.40364e+09,-72.1405,40.2548,-28.1218
1.40364e+09,-72.0636,40.4093,-28.0726
1.40364e+09,-71.9836,40.5674,-28.0228
1.40364e+09,-71.9004,40.7281,-27.9724
1.40364e+09,-71.814,40.8906,-27.9212
1.40364e+09,-71.7246,41.0538,-27.8698
1.40364e+09,-71.6324,41.2173,-27.8178
1.40364e+09,-71.539,41.3809,-27.7652
1.40364e+09,-71.4446,41.5452,-27.7107
1.40364e+09,-71.35,41.7085,-27.6542
1.40364e+09,-71.2561,41.8705,-27.5952
1.40364e+09,-71.1644,42.03,-27.5349
1.40364e+09,-71.0762,42.1873,-27.4738
1.40364e+09,-70.9923,42.3417,-27.4124
1.40364e+09,-70.9125,42.4936,-27.3512
1.40364e+09,-70.8352,42.6435,-27.2894
1.40364e+09,-70.7592,42.7925,-27.2254
1.40364e+09,-70.6833,42.9417,-27.1587
1.40364e+09,-70.6061,43.0923,-27.0879
1.40364e+09,-70.5263,43.2445,-27.0126
1.40364e+09,-70.4437,43.3998,-26.9331
1.40364e+09,-70.3576,43.559,-26.8496
1.40364e+09,-70.2681,43.7224,-26.762
1.40364e+09,-70.1753,43.8906,-26.6705
1.40364e+09,-70.0804,44.0639,-26.5755
1.40364e+09,-69.9849,44.2404,-26.4781
1.40364e+09,-69.8902,44.4185,-26.3802
1.40364e+09,-69.7976,44.5964,-26.2823
1.40364e+09,-69.7078,44.7728,-26.1857
1.40364e+09,-69.621,44.9473,-26.091
1.40364e+09,-69.5361,45.12,-25.9978
1.40364e+09,-69.4522,45.2923,-25.9049
1.40364e+09,-69.3667,45.4655,-25.8111
1.40364e+09,-69.2772,45.6407,-25.715
1.40364e+09,-69.1834,45.819,-25.6164
1.40364e+09,-69.0828,46.0015,-25.5134
1.40364e+09,-68.9751,46.1878,-25.4065
1.40364e+09,-68.8612,46.3779,-25.2959
1.40364e+09,-68.7414,46.5704,-25.1828
1.40364e+09,-68.6153,46.7645,-25.0667
1.40364e+09,-68.4832,46.9593,-24.9473
1.40364e+09,-68.3444,47.1559,-24.8239
1.40364e+09,-68.1985,47.3549,-24.6955
1.40364e+09,-68.0455,47.5574,-24.561
1.40364e+09,-67.8865,47.7627,-24.4212
1.40364e+09,-67.7215,47.9704,-24.2761
1.40364e+09,-67.5514,48.1789,-24.1263
1.40364e+09,-67.376,48.3873,-23.9722
1.40364e+09,-67.1963,48.5948,-23.8147
1.40364e+09,-67.0123,48.8017,-23.6534
1.40364e+09,-66.825,49.008,-23.4883
1.40364e+09,-66.6329,49.2141,-23.318
1.40364e+09,-66.4364,49.4199,-23.1425
1.40364e+09,-66.2345,49.6263,-22.961
1.40364e+09,-66.0258,49.8332,-22.773
1.40364e+09,-65.8105,50.0409,-22.5798
1.40364e+09,-65.5878,50.2486,-22.3816
1.40364e+09,-65.358,50.456,-22.1777
1.40364e+09,-65.1209,50.6623,-21.967
1.40364e+09,-64.8776,50.8682,-21.7497
1.40364e+09,-64.6284,51.0733,-21.5254
1.40364e+09,-64.3734,51.2764,-21.2954
1.40364e+09,-64.1149,51.4759,-21.0616
1.40364e+09,-63.8542,51.6691,-20.8261
1.40364e+09,-63.5939,51.8549,-20.59
1.40364e+09,-63.3355,52.0333,-20.3529
1.40364e+09,-63.0785,52.2057,-20.113
1.40364e+09,-62.8234,52.3733,-19.8699
1.40364e+09,-62.5675,52.5388,-19.6207
1.40364e+09,-62.3091,52.7035,-19.3644
1.40364e+09,-62.0468,52.8692,-19.1006
1.40364e+09,-61.779,53.036,-18.8286
1.40364e+09,-61.5039,53.2046,-18.5473
1.40364e+09,-61.2219,53.3742,-18.258
1.40364e+09,-60.9316,53.5444,-17.9602
1.40364e+09,-60.6333,53.7133,-17.6545
1.40364e+09,-60.327,53.8809,-17.3407
1.40364e+09,-60.0139,54.045,-17.0201
1.40364e+09,-59.6975,54.2053,-16.6948
1.40364e+09,-59.3782,54.3602,-16.365
1.40364e+09,-59.0559,54.5087,-16.0301
1.40364e+09,-58.7327,54.6501,-15.6916
1.40364e+09,-58.4093,54.7838,-15.3498
1.40364e+09,-58.0851,54.9103,-15.0035
1.40364e+09,-57.7586,55.032,-14.6497
1.40364e+09,-57.429,55.1499,-14.2879
1.40364e+09,-57.0934,55.2655,-13.9161
1.40364e+09,-56.7477,55.379,-13.5321
1.40364e+09,-56.391,55.4917,-13.1357
1.40364e+09,-56.0221,55.6036,-12.7274
1.40364e+09,-55.6399,55.7151,-12.3071
1.40364e+09,-55.2438,55.8251,-11.8756
1.40364e+09,-54.8342,55.9321,-11.434
1.40364e+09,-54.4118,56.0344,-10.9837
1.40364e+09,-53.9803,56.1316,-10.5273
1.40364e+09,-53.5416,56.2229,-10.0662
1.40364e+09,-53.0988,56.3073,-9.60289
1.40364e+09,-52.6534,56.3835,-9.1384
1.40364e+09,-52.2077,56.4516,-8.67386
1.40364e+09,-51.7634,56.5105,-8.2107
1.40364e+09,-51.322,56.5617,-7.74877
1.40364e+09,-50.8832,56.6051,-7.28727
1.40364e+09,-50.4459,56.6412,-6.82428
1.40364e+09,-50.0093,56.6718,-6.35823
1.40364e+09,-49.5711,56.6984,-5.88713
1.40364e+09,-49.1286,56.7231,-5.40893
1.40364e+09,-48.6798,56.7466,-4.92369
1.40364e+09,-48.2218,56.7697,-4.4307
1.40364e+09,-47.7541,56.7918,-3.93101
1.40364e+09,-47.2767,56.8124,-3.42538
1.40364e+09,-46.7925,56.8294,-2.91698
1.40364e+09,-46.3033,56.842,-2.40705
1.40364e+09,-45.8138,56.8477,-1.89945
1.40364e+09,-45.3282,56.8464,-1.39518
1.40364e+09,-44.8508,56.8378,-0.896458
1.40364e+09,-44.3826,56.8223,-0.402221
1.40364e+09,-43.9245,56.7998,0.0868519
1.40364e+09,-43.4746,56.7714,0.573032
1.40364e+09,-43.0315,56.7372,1.05627
1.40364e+09,-42.5923,56.6979,1.53879
1.40364e+09,-42.1553,56.6541,2.01986
1.40364e+09,-41.7154,56.607,2.50398
1.40364e+09,-41.2695,56.5571,2.99267
1.40364e+09,-40.8128,56.5056,3.48993
1.40364e+09,-40.3449,56.4524,3.99503
1.40364e+09,-39.8653,56.3977,4.50906
1.40364e+09,-39.3757,56.3401,5.03012
1.40364e+09,-38.8784,56.28,5.55807
1.40364e+09,-38.3788,56.2163,6.0888
1.40364e+09,-37.8817,56.1475,6.61881
1.40364e+09,-37.391,56.0713,7.14521
1.40364e+09,-36.911,55.9875,7.66554
1.40364e+09,-36.4425,55.8947,8.17946
1.40364e+09,-35.9875,55.7927,8.68414
1.40364e+09,-35.5457,55.6812,9.17879
1.40364e+09,-35.1153,55.5613,9.66376
1.40364e+09,-34.6915,55.4333,10.1417
1.40364e+09,-34.2704,55.2984,10.6145
1.40364e+09,-33.8461,55.1573,11.0879
1.40364e+09,-33.4136,55.011,11.5654
1.40364e+09,-32.9694,54.8603,12.0508
1.40364e+09,-32.5125,54.7073,12.5467
1.40364e+09,-32.0406,54.5535,13.0573
1.40364e+09,-31.5555,54.4004,13.5824
1.40364e+09,-31.0584,54.2482,14.121
1.40364e+09,-30.5526,54.0954,14.6673
1.40364e+09,-30.0436,53.939,15.2153
1.40364e+09,-29.5372,53.7774,15.7585
1.40364e+09,-29.0383,53.6076,16.2925
1.40364e+09,-28.5515,53.4276,16.813
1.40364e+09,-28.0779,53.2361,17.3189
1.40364e+09,-27.6185,53.033,17.8095
1.40364e+09,-27.1721,52.8187,18.2862
1.40364e+09,-26.7371,52.594,18.7502
1.40364e+09,-26.3104,52.3601,19.2045
1.40364e+09,-25.8878,52.1191,19.654
1.40364e+09,-25.4653,51.8724,20.1033
1.40364e+09,-25.0401,51.6228,20.5563
1.40364e+09,-24.6087,51.3724,21.0172
1.40364e+09,-24.1708,51.1224,21.4871
1.40364e+09,-23.7251,50.873,21.9669
1.40364e+09,-23.2727,50.6238,22.4549
1.40364e+09,-22.8162,50.374,22.9482
1.40364e+09,-22.3605,50.1214,23.4416
1.40364e+09,-21.9092,49.8637,23.9316
1.40364e+09,-21.4664,49.5995,24.4137
1.40364e+09,-21.0382,49.3277,24.8815
1.40364e+09,-20.6279,49.0488,25.3313
1.40364e+09,-20.2352,48.7635,25.7639
1.40364e+09,-19.8577,48.4716,26.1809
1.40364e+09,-19.491,48.1743,26.586
1.40364e+09,-19.1302,47.8721,26.9836
1.40364e+09,-18.7706,47.5671,27.3788
1.40364e+09,-18.4089,47.2605,27.7743
1.40364e+09,-18.0423,46.9532,28.1726
1.40364e+09,-17.6696,46.646,28.5745
1.40364e+09,-17.2917,46.3391,28.9795
1.40364e+09,-16.9105,46.0326,29.3844
1.40364e+09,-16.5292,45.7255,29.7866
1.40364e+09,-16.1504,45.4164,30.1836
1.40364e+09,-15.7773,45.1049,30.5736
1.40364e+09,-15.413,44.7902,30.9548
1.40364e+09,-15.0597,44.4718,31.3251
1.40364e+09,-14.7187,44.1494,31.685
1.40364e+09,-14.3889,43.8236,32.0355
1.40364e+09,-14.0685,43.4949,32.3784
1.40364e+09,-13.7554,43.1641,32.7152
1.40364e+09,-13.446,42.832,33.0498
1.40364e+09,-13.1371,42.4997,33.3839
1.40364e+09,-12.8256,42.1678,33.7186
1.40364e+09,-12.5113,41.8369,34.053
1.40364e+09,-12.1942,41.507,34.3872
1.40364e+09,-11.875,41.1789,34.7209
1.40364e+09,-11.5554,40.8516,35.0529
1.40364e+09,-11.2381,40.525,35.3813
1.40364e+09,-10.9244,40.1983,35.7058
1.40364e+09,-10.6162,39.8709,36.0255
1.40364e+09,-10.3138,39.5433,36.3409
1.40364e+09,-10.0167,39.2154,36.6525
1.40364e+09,-9.72463,38.8874,36.9604
1.40364e+09,-9.43765,38.56,37.2647
1.40364e+09,-9.15584,38.234,37.5653
1.40364e+09,-8.88014,37.909,37.861
1.40364e+09,-8.61002,37.5845,38.1513
1.40364e+09,-8.346,37.2606,38.4349
1.40364e+09,-8.08826,36.9378,38.7123
1.40364e+09,-7.83723,36.6156,38.9836
1.40364e+09,-7.59279,36.2951,39.2497
1.40364e+09,-7.35428,35.9769,39.5115
1.40364e+09,-7.12173,35.6626,39.7692
1.40364e+09,-6.89474,35.352,40.0223
1.40364e+09,-6.67319,35.0443,40.2708
1.40364e+09,-6.45714,34.7382,40.5138
1.40364e+09,-6.24718,34.4334,40.7515
1.40364e+09,-6.04365,34.1294,40.9834
1.40364e+09,-5.84768,33.8264,41.2081
1.40364e+09,-5.66038,33.5244,41.4241
1.40364e+09,-5.48255,33.2239,41.6305
1.40364e+09,-5.31352,32.9249,41.827
1.40364e+09,-5.15347,32.627,42.0136
1.40364e+09,-5.00202,32.33,42.1905
1.40364e+09,-4.85919,32.0341,42.3581
1.40364e+09,-4.72397,31.7388,42.5174
1.40364e+09,-4.59454,31.4445,42.6699
1.40364e+09,-4.46899,31.1511,42.8177
1.40364e+09,-4.34642,30.8588,42.9618
1.40364e+09,-4.22583,30.5676,43.1045
1.40364e+09,-4.10772,30.2778,43.2457
1.40364e+09,-3.99248,29.9893,43.3849
1.40364e+09,-3.88092,29.7018,43.5206
1.40364e+09,-3.77294,29.4153,43.652
1.40364e+09,-3.66931,29.1301,43.7778
1.40364e+09,-3.57009,28.8456,43.8982
1.40364e+09,-3.47516,28.562,44.0136
1.40364e+09,-3.38436,28.2791,44.1244
1.40364e+09,-3.298,27.9964,44.2297
1.40364e+09,-3.21597,27.7137,44.33
1.40364e+09,-3.13819,27.4315,44.4253
1.40364e+09,-3.06416,27.1508,44.5161
1.40364e+09,-2.99366,26.8714,44.6033
1.40364e+09,-2.92627,26.594,44.6881
1.40364e+09,-2.8606,26.319,44.7723
1.40364e+09,-2.79514,26.0473,44.8581
1.40364e+09,-2.72795,25.7783,44.9464
1.40364e+09,-2.65884,25.5118,45.0384
1.40364e+09,-2.5872,25.2469,45.1352
1.40364e+09,-2.51325,24.9837,45.2369
1.40364e+09,-2.43667,24.7221,45.3434
1.40364e+09,-2.35734,24.4629,45.4538
1.40364e+09,-2.27525,24.2063,45.5676
